,nr_cat,nr_num,num_to_cat_ratio,cor_mean,cor_sd,cov_mean,cov_sd,iqr_mean,iqr_sd,kurtosis_mean,kurtosis_sd,max_mean,max_sd,mean_mean,mean_sd,median_mean,median_sd,min_mean,min_sd,missing_mean,missing_sd,best_node_mean,best_node_sd,nr_bin,outliers,sd_mean,sd_sd,nr_feat,nr_inst,eq_num_attr,attr_to_inst_ratio,skewness_mean,skewness_sd,variance_mean,variance_sd,attr_conc_mean,attr_conc_sd,class_conc_mean,class_conc_sd,attr_ent_mean,attr_ent_sd,joint_ent_mean,joint_ent_sd,random_node_mean,random_node_sd,naive_bayes_mean,naive_bayes_sd,worst_node_mean,worst_node_sd,linear_discr_mean,linear_discr_sd,nr_class,class_freq_mean,class_freq_sd
1536,0,3,0.0,0.33947964687127236,0.46713482145721913,18451.93338993259,34324.81788199971,330.3532445008556,233.58168101070845,2.1686139901479087,4.739180971995569,672.2662363251051,474.79924193560004,343.91799969474476,242.9008276673297,344.79684450229007,243.54435638449297,10.666666666666666,7.542472332656507,0.0,0.0,0.9626844727179176,0.005476412795913528,0,1,191.69141464307904,135.51066751938671,3,10130,,0.00029615004935834154,0.5395403330524763,0.7969906135090913,55108.74068502492,38973.53320400881,,,,,,,,,0.9603160496137084,0.0005798883686033065,0.9605121188733229,0.005796133382405479,0.9603160496137084,0.0005798883686033065,0.9607093575321001,0.005412847138179217,5,0.2,0.3810953377365089
1537,0,3,0.0,0.3370302287826564,0.46891916973541,17860.722849338057,33867.27084346541,327.35573241859674,231.47978880348887,1.3590378363927205,3.588086274059531,672.2628950079283,474.8039672716677,338.7016532321771,239.2198058541282,339.7982526620229,239.9976376948849,10.666666666666666,7.542472332656507,0.0,0.0,0.9738699936365162,0.00033557154317610024,0,1,189.9937925438086,134.3158436525774,3,28626,,0.00010479983232026829,0.5114847771170995,0.7250709986751819,54138.386617524084,38295.73007450475,,,,,,,,,0.9738699936365162,0.00033557154317610024,0.9700275523230619,0.0023436014868298285,0.9738699936365162,0.00033557154317610024,0.9680714154652176,0.0038360554009926667,5,0.19999999999999998,0.38724647565321146
1540,0,3,0.0,0.3283028060848168,0.4750422258168477,18144.998260950044,34873.382324694365,334.3704386651516,236.36006545937008,-0.2914651234944661,1.2855877750738554,671.6213330030441,474.29776219161806,338.4870936572552,239.03366260626913,338.13948033253354,238.83973051274432,10.666666666666666,7.542472332656507,0.0,0.0,0.9461438635520949,4.634779384504739e-05,0,1,192.5268020927906,136.07502205675615,3,9285,,0.00032310177705977385,0.41912088946749765,0.5813067048220998,55582.984334595654,39303.13202149604,,,,,,,,,0.9461438635520949,4.634779384504739e-05,0.9364488320355953,0.006630296377079675,0.9461438635520949,4.634779384504739e-05,0.937095383759733,0.006669145751476386,5,0.2,0.37237942923593653
516,6,12,2.0,0.07412201007747837,0.2857476191691025,42077.652957440776,761692.8576764262,698.2574999878804,1461.5906391561823,10.470226450926727,20.128992927927033,2952.1116666793823,7032.2293639685295,1319.2231030981575,4106.177316751434,1293.202222234673,4075.706678035765,545.8594444315466,2195.5768189646083,0.032362182233647535,0.09559994254013954,0.72425836313907,0.024913319175764944,2,6,383.9157291882568,883.7391361730266,18,1945,5.413236760517727,0.009254498714652956,1.6009989094713495,1.9524439825380573,928386.110225848,3087264.429801807,0.10278737161534063,0.19954307798597312,0.040504905060812994,0.03585184735607562,2.187542944725523,2.9418600973316353,3.2357224996151133,2.7336734551141193,0.5719124763307384,0.03959815183546824,0.718125394487692,0.03340618631159136,0.6017673048600883,0.04826948160794154,0.8579633915421839,0.03811852969819341,3,0.3333333333333333,0.19635227026070534
1028,0,10,0.0,0.19595331437040822,0.2904429347392065,0.1325765765765765,0.2074051252578886,1.6,0.48989794855663565,-1.333312737941742,0.25422176631720383,3.1,0.5385164807134505,2.035999965667725,0.22745193237864852,1.9,0.3,1.0,0.0,0.0,0.0,0.49000000000000005,0.06826419266350404,1,0,0.7995122045278549,0.14494846600115402,10,1000,,0.01,0.011176503635942936,0.19455701038791093,0.6602298423647881,0.23217473655191032,,,,,,,,,0.42200000000000004,0.04142463035441595,0.526,0.06069596362197406,0.39,0.0458257569495584,0.552,0.05075431016179807,4,0.25,0.1424938595168227
6,0,16,0.0,0.14750096320614445,0.3356320899559416,0.7949279280272608,1.8645511610013032,2.625,0.6959705453537527,0.6977379014715552,0.6709184634170684,15.0,0.0,5.925465643405914,1.764066027394322,5.75,1.8540496217739157,0.0,0.0,0.0,0.0,0.07339999999999999,0.0038262252939417975,0,15,2.2737711369991302,0.4171190949910723,16,20000,,0.0008,0.290297020226717,0.45523053339778485,5.3440235406160355,1.9893209320617848,,,,,,,,,0.07409999999999999,0.002300000000000002,0.6409999999999999,0.017222078852449856,0.052500000000000005,0.0032939338184001196,0.7030000000000001,0.015760710643876425,26,0.03846153846153846,0.0011362309228581885
44554,0,18,0.0,0.28021176787864316,0.49353517353141096,339.7950224438632,1913.5461836104944,34.56944444444444,59.39152141811173,5.153140714185105,14.822385033742275,198.88888888888889,221.00122897820398,117.63494904836018,103.39077035700065,111.55555555555556,90.24009469940745,78.38888888888889,61.34070507228811,0.0,0.0,0.4374307862679956,0.04179757620167785,0,8,22.77083894941542,38.82110028552374,18,846,,0.02127659574468085,1.0415777452290058,1.6518521516156712,2025.5889574686687,7092.86411543783,,,,,,,,,0.33565891472868215,0.06147964981616423,0.5363787375415283,0.07334264847940819,0.3876522702104097,0.04137768945841488,0.7730897009966776,0.04855489273278525,4,0.25,0.00894370328039098
11,0,4,0.0,0.2499999999999998,0.43301270189221946,0.500801282051282,0.8674132650084523,2.0,0.0,-1.3007985353469849,0.0,5.0,0.0,3.0,0.0,3.0,0.0,1.0,0.0,0.0,0.0,0.5902217741935485,0.05045813541313677,0,0,1.4153462648391724,0.0,4,625,,0.0064,0.0,0.0,2.0032050609588623,0.0,,,,,,,,,0.6022177419354839,0.0482697670227309,0.907157258064516,0.016530106567319843,0.6289314516129033,0.07697607312091558,0.862399193548387,0.03427789946757924,3,0.3333333333333333,0.18026508875049052
524,6,13,2.1666666666666665,0.06968974773385883,0.2933673114054125,52501.69356654518,806330.2657513045,690.1367304508502,1496.7454677445137,4.078692466020584,5.11142591087055,2732.9626521311307,6877.984815723625,1244.1306384484235,4116.534825012282,1194.9594735409084,4133.831545249577,536.1373684437651,2136.9618617773317,0.13006799294887939,0.133911043685512,0.6942857142857143,0.08712594163172883,1,2,406.7748536608721,954.525589667494,19,418,2.7728795294796442,0.045454545454545456,1.1583850887653075,1.5617583117855067,1076584.8799959586,3344059.4481495614,0.0369886053154834,0.07632135078876676,0.05803832420965865,0.042612884100151995,1.1565384486931352,0.4161472725225134,1.95230274899342,0.2467074534750522,0.6411904761904762,0.05272667295417309,0.7271428571428572,0.08566268287939176,0.6173809523809525,0.07285908805370912,0.7804761904761904,0.05192223384396072,3,0.3333333333333333,0.20546635393464724
40966,0,77,0.0,0.18226895201345364,0.2983454932100195,0.006197623069944854,0.03608786284764967,0.2026731228189809,0.3044040745768328,4.539576557549563,10.899143933005162,1.405553081205913,1.6193050474917337,0.6718868144920894,0.7488363033563364,0.652297212125419,0.7281283780350519,0.29071728232038485,0.3472452487079724,0.016786916786916788,0.05353120998586264,0.28703703703703703,0.012422599874998825,0,26,0.15821417774279395,0.21224557005324723,77,1080,,0.0712962962962963,0.7856042152452101,1.2460272000199817,0.07007990784333813,0.22021394129058136,,,,,,,,,0.19629629629629627,0.023715274953454994,0.7703703703703704,0.06263531305662136,0.2462962962962963,0.0186108807798535,0.9703703703703704,0.01697250257391054,8,0.125,0.012028130608117206
1552,4,8,2.0,0.09066484382483792,0.27982494214415493,15620.718283118164,184307.9254881463,396.13281249813735,915.6927153905841,-1.3281643688678741,0.5443511712520757,917.5091666529576,2183.9926919137374,707.8601299151778,1628.252821410359,649.3387499998013,1477.7610364587936,505.59083333114785,1130.166441227357,0.0,0.0,0.30727272727272725,0.03492613220417918,2,0,140.37209329257408,410.0613146839094,12,1100,44.385443782460214,0.01090909090909091,0.24790512304753065,0.39352600628680756,187854.612868009,612593.4592089109,0.019423124637277522,0.02312682920765233,0.048334776707791606,0.02203229071014243,1.159779161102701,0.22909160110804444,3.389055625075533,0.20966484513242867,0.2909090909090909,0.0,0.2672727272727272,0.031544275587086314,0.2781818181818182,0.023070140982635493,0.2636363636363636,0.03377122840183039,5,0.2,0.04811487630986959
1549,3,37,12.333333333333334,0.026135761854512274,0.16069488386475664,617946.4708116032,18231934.653011132,2386.7379254672574,9107.648839723324,-0.8472792588174343,0.6695022765804219,6279.178950038552,21658.23592056912,3865.92336300388,12888.826445757579,3998.6857249744235,13324.62320856966,2108.3632249804214,7907.874215270927,0.0,0.0,0.2159317211948791,0.024307681495018395,2,8,1244.9625661212951,4934.159425040611,40,750,429.5925983747463,0.05333333333333334,-0.019691861094906928,0.5189320690649651,25895860.437340535,112366132.3364368,0.002084060186995024,0.0017711100468150933,0.006933320573557916,0.001996195526237984,1.1921064919367261,0.2766169681750585,4.079024066890839,0.2742074035866111,0.20803698435277385,0.028531620460219363,0.1756045519203414,0.04937694680585573,0.2214082503556188,0.03654826886646677,0.15455192034139403,0.05479396452481746,8,0.12499999999999999,0.050291373238580614
1554,4,8,2.0,0.07217331194095844,0.2840206798893285,15806.569365137731,187326.1293566924,412.32125002890825,951.950402262936,-1.0311969419320424,1.477674581898151,917.2591666529576,2183.5402111592257,700.5504171140492,1607.712104904309,650.0012499839067,1477.8936378270405,506.0074999978145,1131.0850699973698,0.0,0.0,0.41600000000000004,0.026532998322843195,2,0,142.03989994650087,413.4681726827312,12,500,60.28402302995967,0.024,0.2917886496676753,0.6259311124387889,191131.25913982527,622533.6089608052,0.006800655282812973,0.006096415691887114,0.03370995528095437,0.021780823635962704,1.0877494660315652,0.29617644352792366,3.20029041128931,0.26702110616794406,0.4,0.02529822128134704,0.392,0.06399999999999999,0.42000000000000004,0.01999999999999999,0.388,0.07807688518377254,5,0.2,0.10142977866484773
1041,0,784,0.0,0.027478306452880328,0.12042871317351575,123.38133068070039,787.7644278466018,62.77646683673469,99.14143318188714,337.5251149566778,846.502089104514,196.30612244897958,101.623445407018,33.46168053879124,42.491081479265716,12.182397959183673,32.70443779355714,0.0,0.0,0.0,0.0,0.18741944056873297,0.01798548063044435,30,430,49.106473300154605,44.45912546088888,784,3468,,0.22606689734717417,9.162195528106798,15.648569814024304,4388.059545057825,4987.594686971199,,,,,,,,,0.18281509534250215,0.01126555535185215,0.5726828782140723,0.02604683375380081,0.11303235665404292,0.0027637782296320384,0.7439572121453724,0.018050791423062727,10,0.1,0.006615495072925262
1044,3,24,8.0,0.08646786509854563,0.2418759364510745,21893.85521303573,395447.75014142226,307.16309813875705,1079.254887952723,20.922503773605936,29.846966020156678,2715.2599237616414,7002.74519934501,310.6769878938104,1019.4077968029047,268.10891235336936,1022.6801968281746,3.005977782073724,7.206220484249308,0.0,0.0,0.4277614828803129,0.009993466999239649,3,20,269.68223514552744,679.8687324620647,27,10936,80.07828621997251,0.002468910021945867,2.735058206030064,2.644483542124031,534949.9825603684,1980862.481823504,0.0579932193679229,0.06857625390777078,0.027866472352042246,0.022638638187687566,0.8138748328095179,0.11376904199475288,2.3605637002569093,0.11198071964115361,0.39264787619449415,0.0037132533249498883,0.43836376907674895,0.025936202880062605,0.38990430654050395,0.005544385598103859,0.49541588819468163,0.024529647126676865,3,0.3333333333333333,0.05296734246435422
43029,44,12,0.2727272727272727,0.01832991721048314,0.29968856449811937,85.30958983019303,2103.6666171756715,36.13911592960358,81.01402836435352,32.321347857368266,97.48480069024455,188.318266498191,555.101991969713,133.95030439630085,458.4273256307403,132.26196762493677,457.11732649089555,81.78002492444855,375.6864654846601,0.2015379113018598,0.3513723965745172,0.7078151260504202,0.06941608833462758,11,8,15.047671722646125,51.17494230049601,56,699,29.702963903570943,0.08011444921316166,0.2176034916530956,5.57374365975585,2845.3069403531586,14695.108927741316,0.3514249489830294,0.3024427151549665,0.18765474552779263,0.15947557076341456,1.3045169561584498,1.6382449824386873,2.6777661137204642,1.6568266154423166,0.7078151260504202,0.06941608833462758,0.616218487394958,0.06817819567405461,0.5272268907563025,0.013488376623350127,0.699075630252101,0.07608681055162912,5,0.2,0.220632956737306
40985,0,2,0.0,0.5022378991917211,0.4977621008082789,0.04194157235941336,0.04156800976196875,0.4994934946298599,2.518296241760254e-06,-1.2000704407691956,0.00011295080184936523,0.999983012676239,1.2993812561035156e-05,0.5003109723329544,0.0006716102361679077,0.5005884766578674,0.0002315044403076172,1.1500000255182385e-05,6.50000038149301e-06,0.0,0.0,0.0654434250764526,0.0006989951944080364,0,0,0.2889796942472458,0.0003214627504348755,2,45781,,4.368624538564033e-05,-0.004707021347712725,0.00347799836890772,0.08350937440991402,0.00018579140305519104,,,,,,,,,0.0654434250764526,0.0006989951944080364,0.06417649628658803,0.002940054409504805,0.06435124508519004,0.0015757701002072015,0.06273481869812145,0.0036718045241504057,20,0.049999999999999996,0.01576866127994564
28,0,64,0.0,0.020998353675254558,0.21740354212868127,0.30659822069648107,5.141226507166782,6.0,5.111262075065218,163.28656120461528,475.54404221732347,13.390625,4.976875235464015,4.911243319831101,4.189658135421425,4.765625,5.030352210270668,0.0,0.0,0.0,0.0,0.196085409252669,0.0037154115690073127,3,29,3.6862924742745236,2.2858140577356134,64,5620,,0.011387900355871887,5.280836400139378,11.079486735208373,18.81369800033326,14.835297027277024,,,,,,,,,0.11637010676156585,0.0071263289660145135,0.8316725978647685,0.009945329973296873,0.10604982206405693,0.0014234875444839865,0.9476868327402135,0.014239323148571216,10,0.09999999999999999,0.001150407820302107
1565,0,13,0.0,0.13208483977103344,0.30095002564073686,59.230322793778576,700.675585332673,12.307692307692308,21.542032670981474,27.332137300417973,41.84101105566278,84.0,164.67310274975318,40.9270794070684,73.6375081126232,41.0,75.17671488924255,-4.0,10.023050357128735,0.0,0.0,0.6880952380952381,0.07737912085744578,1,9,12.609628702585514,25.05084500345863,13,294,,0.04421768707482993,-0.6249801344596423,4.3180484971915485,786.5475527197123,2408.0291373768614,,,,,,,,,0.6480952380952381,0.07128398063865128,0.1638095238095238,0.08811968772686024,0.6409523809523809,0.05182387756347731,0.6685714285714285,0.0963318150670084,5,0.2,0.2210141162371819
30,0,10,0.0,0.27388442172215394,0.40514472670220364,595278.4349967964,2620435.7120963894,194.62850000560283,289.47717129528803,652.8296522557736,1404.1462138911318,23320.6,43069.67117171896,253.32758645117283,386.9511293466296,78.63769997358322,109.62976903808746,2.512100000027567,2.9647956573532,0.0,0.0,0.9349402422395123,0.0067028810850837985,0,10,840.233621288836,1471.6508893868825,10,5473,,0.0018271514708569341,14.71145196557045,18.89042893794285,2871748.798925056,6969156.781549678,,,,,,,,,0.9002219192000215,0.002219209717599982,0.9217627870912543,0.02197928647222078,0.9031456378171707,0.004921577553670199,0.9426084864041068,0.011143139537263102,5,0.2,0.3493331771572183
32,0,16,0.0,0.042698530459359806,0.41041036106996925,35.984985217720016,394.97746816476865,48.5625,18.67474481084012,-0.5010430281981826,1.1112682007419201,100.0,0.0,50.71104609966278,16.229911869297897,49.84375,22.042373078629716,0.0,0.0,0.0,0.0,0.20305646630236796,0.0055755068929585665,0,3,29.774238109588623,6.570191001011317,16,10992,,0.001455604075691412,-0.03919607982970774,0.6548416009348731,929.672685623169,380.16133419235683,,,,,,,,,0.1923235635038914,0.004233597394133899,0.8595307170061266,0.007812808663976588,0.20178473257161783,0.00738335270220911,0.8742699122371255,0.011796789778263136,10,0.1,0.004003283362348256
35,33,1,0.030303030303030304,0.08287158854960003,0.33877199582622614,0.29346818655468015,6.916612510995192,24.75,0.0,2.500029814456973,5.4379970412330065,5.029411764705882,12.18602211339274,1.7893256707226528,6.0330962481857995,1.4411764705882353,5.892124237291816,0.0,0.0,0.0006428801028608164,0.003693065025096772,0.3441520467836257,0.04126952418035589,1,0,1.2611349023440306,2.457089318575724,34,366,5.416427903393337,0.09289617486338798,1.405070849283434,1.2736597861548073,7.6277491494136695,39.554304986870676,0.06731764183614551,0.1149372662923436,0.384367721205719,0.2276039091603468,1.1978733109775759,0.4269571809401557,3.1813559068400625,0.473630723624183,0.3441520467836257,0.04126952418035589,0.30087719298245613,0.08468888258131436,0.3441520467836257,0.04126952418035589,0.3230994152046784,0.08662326967083496,6,0.16666666666666666,0.07588220890325391
44583,0,100,0.0,0.02947903391709075,0.1444812620426452,8287149660.45765,275022769987.54663,8234.964796142578,75349.70530727794,172.26986366271973,171.97108339976873,5357364.025449219,10296954.733989151,62734.57664218903,158128.34120794863,115.21865234375,1146.4111160238645,0.0,0.0,0.0,0.0,0.15098522167487688,0.02288918257239201,2,81,355917.21693359374,682721.0024178718,100,571,,0.17513134851138354,10.333394479751586,7.126164413650737,592785007060.2675,2622680518003.289,,,,,,,,,0.11613300492610838,0.02890837708719948,0.516256157635468,0.0865191389606304,0.0983990147783251,0.021777146212560567,0.427832512315271,0.09037126730349179,20,0.05,0.021395252897116482
46,60,0,0.0,0.027873483700769766,0.1323018066380492,0.03725763479236085,0.17655573041304068,,,-1.318937071164449,0.1328298859738668,3.783333333333333,0.486198404860494,1.466311397155126,0.13459259926749415,1.3,0.5259911279353167,0.0,0.0,0.0,0.0,,,0,0,1.13610227505366,0.0994278729750085,60,3190,26.313574860444295,0.018808777429467086,0.07710001605252424,0.18628380846455908,1.3006142656008401,0.266726608457492,0.003630216377725333,0.0040020136179495566,0.028145854891718156,0.051234741029378514,1.9780144516767604,0.057841289394239735,3.4019333248085846,0.14616976678528967,,,,,,,,,3,0.3333333333333333,0.13115100670438934
44592,5,14,2.8,0.14249691781254448,0.3044619619966917,7818.911965328793,128111.9383733635,96.84535711152213,268.3963429193812,46.09079584949895,165.5276731725776,2612.3310526797645,9345.194858735622,289.15715379464,640.8115795341583,304.1315789348201,697.8492221854502,152.7736842098989,470.40625877760624,0.032036613272311214,0.046368459152856346,0.4512012012012012,0.03964077712445671,1,3,128.18030091022192,363.01856416087844,19,736,5.9335825284901755,0.025815217391304348,1.8680212974156205,6.231086205512162,148212.66920666475,539391.7171849182,0.537227426578274,0.41126139841807036,0.04767404752733611,0.012239964057817226,3.462636306052905,0.5532957982247428,5.3434858896127535,0.49495021516055787,0.3856606606606606,0.0465659772482435,0.5433933933933935,0.0952245575732104,0.29894894894894897,0.04032558964487977,0.605930930930931,0.06590586808709205,5,0.2,0.058379027247002314
42544,0,10,0.0,0.25186519409893426,0.4043778206905353,26.875979361519157,109.53431567364144,10.88355848789215,8.598040972484613,31.510185480117798,77.8892034242959,67.91637878417968,51.303207820575125,15.887071931362152,13.920048785670135,13.18445644378662,11.386401003702721,3.387152484059334,3.151072866159662,0.0,0.0,0.28076923076923077,0.03713976838707954,1,10,9.817330123111606,8.1799356568825,10,265,,0.03773584905660377,3.267097055912018,4.352564887096806,163.2913176432252,273.77278754027753,,,,,,,,,0.27362637362637365,0.05280445616146798,0.6291208791208791,0.11008910553761757,0.18131868131868134,0.03404820524138388,0.7049450549450549,0.09798260925274614,8,0.125,0.02762959367095749
40496,0,7,0.0,0.19697586541592393,0.3714284941130131,0.043040857224653416,0.07874929387517603,0.8571428571428571,0.3499271061118826,-1.1173581225531442,0.8361024643511857,1.0,0.0,0.6565714350768498,0.12502213008966395,0.8571428571428571,0.3499271061118826,0.0,0.0,0.0,0.0,0.22000000000000003,0.03224903099319419,7,1,0.45729419589042664,0.034020980276347645,7,500,,0.014,-0.726411725793566,0.5995442823793461,0.21027540947709764,0.02996015329287521,,,,,,,,,0.21600000000000003,0.026532998322843192,0.43599999999999994,0.07255342858886822,0.22000000000000003,0.0322490309931942,0.76,0.07155417527999325,10,0.1,0.011313708498984762
40499,0,40,0.0,0.7492561420033773,0.1585115466410783,0.04070533997153053,0.01695123218856412,0.31258750669658186,0.09654254773362345,1.1981352473143487,3.517654848157804,0.40990000041201713,0.21116329974924422,-0.6055166099220515,0.2045975096162885,-0.596075002476573,0.23339759567562673,-1.167100003361702,0.13717486439367269,0.0,0.0,0.188,0.0016663911618021218,0,36,0.233201302587986,0.05483428122312218,40,5500,,0.007272727272727273,0.2853136368386913,0.9326420640386932,0.05738964569754899,0.027611889500340537,,,,,,,,,0.17490909090909093,0.005502816709244205,0.777090909090909,0.01992050316334885,0.1770909090909091,0.009206537382670662,0.9963636363636365,0.004599676596608547,11,0.09090909090909091,0.0
1591,0,126,0.0,0.0003077080799476701,0.14828847156993927,8.157330631081414e-19,0.016909494604453637,0.18253968253968253,0.38628868329009397,179.2687047498212,593.3036481436047,1.0,0.0,0.33333333322939107,0.3692634264819627,0.29365079365079366,0.45543386461598634,0.0,0.0,0.0,0.0,0.6576765946912498,0.00012824452968125235,126,103,0.2505126972756689,0.1520243528407885,126,67557,,0.0018650917003419335,4.057591364024177,12.837420599334541,0.08586801516792057,0.08135605059467566,,,,,,,,,0.6576765946912498,0.00012824452968125235,0.5056863875416766,0.08643768761787918,0.6576765946912498,0.00012824452968125235,0.7548399536235177,0.0054652304644851836,3,0.3333333333333333,0.2378900548746909
1593,0,100,0.0,0.020895015336671433,0.18103533427486623,8.173041236847478e-16,0.00593855262845755,0.09260108754800968,0.16110001912252858,34.02410619318485,34.66767564405932,0.9897936899960041,0.10155150233191527,-2.582790330052376e-08,0.0962132715093448,-0.027200360128190368,0.047846953838827325,-0.6105713590979576,0.07703685716910118,0.0,0.0,0.5637989968192534,0.0037821271465094393,0,95,0.14780176062136888,0.0956387404038681,100,98528,,0.001014939915556999,3.3727320550382136,2.159441841775613,0.030992129161022605,0.04145128589689323,,,,,,,,,0.5022734687295249,0.00010357562065658991,0.7049973379097717,0.005078823809091117,0.5112252982047846,0.011130465117546427,0.786314470604978,0.006790920346191225,3,0.3333333333333333,0.1187820343479979
60,0,40,0.0,0.018219696968429806,0.24811173534108172,0.024732388825491326,0.6384550256618581,1.7982500062324107,0.5856561936898731,-0.19641739007493014,0.2599171090811046,5.160499995946884,1.923331696785568,0.899488196465245,1.1602620296691866,0.8773749981075525,1.1486976215416445,-3.185250002145767,0.6185183528270972,0.0,0.0,0.5683999999999999,0.015120846537148602,0,39,1.2711155995726586,0.3471271665670622,40,5000,,0.008,0.03546827176469378,0.11805459143013444,1.7362321361899375,0.9785263354489093,,,,,,,,,0.53,0.02473863375370597,0.8012,0.023395726105423606,0.344,0.03144519041125367,0.8615999999999999,0.019283153269110336,3,0.3333333333333333,0.003586394041683389
44606,0,100,0.0,0.012556797034742223,0.11249337941950567,6.819680431126212e-05,0.0016590521828468666,0.0,0.0,651.7859086894989,417.5694102533285,1.13,0.41605288125429435,0.005620370319811627,0.01291741648614201,0.0,0.0,0.0,0.0,0.0,0.0,0.21296296296296297,0.01493010694129361,90,100,0.060076411832124,0.05022078975887601,100,1080,,0.09259259259259259,23.65888712644577,9.555315881091499,0.0061313030438032,0.014742641949172566,,,,,,,,,0.1296296296296296,0.00828173324999922,0.3277777777777778,0.05306129178479408,0.12407407407407409,0.008486251286955258,0.37222222222222223,0.04417355719213541,9,0.1111111111111111,0.0
44616,7,2,0.2857142857142857,0.09341079464156014,0.3874150631868612,1.1666218220690263,7.647213717786612,8.0,5.0,0.930926286511951,2.927227188581664,8.88888888888889,14.850697285869888,5.014860029021899,9.774796239622635,5.0,9.591663046625438,1.7777777777777777,5.028314888437671,0.0,0.0,0.43480192521288413,0.0029020241306575733,3,1,1.7011137770281897,2.3801797681304637,9,1473,53.27532376286378,0.006109979633401222,-0.13558210929234824,1.4721001594453165,8.559044162432352,20.96627733221482,0.04313042592291571,0.05156098013276062,0.019278926153844078,0.00913127010183709,1.220812296978878,0.5617689252621267,2.730958560561153,0.5451905009773457,0.42935949648278415,0.010965468780365414,0.5068122917437987,0.03844296020776376,0.4307293594964827,0.009312230979496468,0.475564605701592,0.03542428002449025,3,0.3333333333333333,0.08259756282743058
1100,4,6,1.5,0.06925386098251567,0.37285251907428363,0.0984737243756744,0.7511736263309002,1.5,0.5,-0.16601050198078154,2.9116281345270276,4.7,3.4365680554879163,3.1631798803806306,2.7518087484206766,3.3,2.865309756378881,1.5,2.1563858652847827,0.0,0.0,0.44782608695652176,0.05367212807867016,2,2,1.0047155797481537,0.590154886146837,10,478,50.14334223942371,0.02092050209205021,-0.3661512598395348,1.0235688870746174,1.3577361673116684,1.8544161351199904,0.119441797940136,0.27592516225639757,0.01880250002044877,0.016144520073927974,1.5092551514093075,0.9969237169164467,2.9453548832559795,0.980188425146759,0.48967391304347824,0.021481718755856905,0.42264492753623184,0.07334182692692913,0.4605072463768115,0.06079403526496264,0.4813405797101448,0.06355598155508552,3,0.3333333333333333,0.13680508379099443
44626,0,100,0.0,0.07477896725579694,0.3242301648962522,279.2724069593796,1949.9037191546372,67.0925,66.81672372056265,-0.2979103135410696,0.575938975745672,462.02,478.79920593083693,308.7797917556763,341.59702863408427,308.905,343.44602701880245,180.8,232.36243241970078,0.0,0.0,0.20500000000000002,0.006708203932499363,0,58,47.98029366016388,46.25935440855294,100,2000,,0.05,-0.026142328386195002,0.4081187965093956,4442.036424291134,5783.670426526899,,,,,,,,,0.19,0.014142135623730954,0.932,0.01777638883463115,0.191,0.021656407827707714,0.978,0.016613247725836167,10,0.1,0.0
42585,2,4,2.0,0.23835646303222516,0.5638712453328363,18513.36746991914,105604.97975586669,308.84375,514.5597117837829,-1.0344627698262532,0.3647415745807602,1102.6833330790203,2325.651170873675,744.1524128615856,1547.8347256767754,718.4583333333334,1491.4473860495807,486.19999980926514,991.8369641751323,0.00872093023255814,0.00934462283041953,0.8026143790849674,0.025946971557227718,0,0,137.44724097847939,297.2128375040274,6,344,3.3321867160658507,0.01744186046511628,0.2288700770586729,0.2670463512654351,107227.21419876814,239663.49699988528,0.0011630171600398437,0.0009647241546439593,0.25930171326944956,0.25911109180739017,1.316927097457322,0.13069656754087788,2.376298736792216,0.16549085804047325,0.8026143790849674,0.025946971557227718,0.9473856209150326,0.0488329780604403,0.8026143790849674,0.025946971557227718,0.9823529411764707,0.0269563276173873,3,0.3333333333333333,0.10151783607526198
44664,0,51,0.0,0.08848007075794027,0.33490306417536314,0.08486697335105507,0.32534619698853173,0.6628661462900174,0.4834116634778334,151.47714618907548,400.48968332749513,11.899987192714915,14.10318176891604,-0.007461741993799531,0.026056853918782295,-0.16372735067909838,0.28375103621683295,-1.1640847379378243,1.0050842591749611,0.0,0.0,0.41100000000000003,0.0069999999999999975,0,46,0.9859199418741114,0.17271249909315572,51,2000,,0.0255,6.332472582219863,9.518356126192353,1.0018677337496888,0.4037268175956304,,,,,,,,,0.404,0.021540659228538,0.163,0.031638584039112745,0.41500000000000004,0.012041594578792305,0.46099999999999997,0.04504442251822082,6,0.16666666666666666,0.11628473196808294
41082,0,256,0.0,0.13815749159829938,0.2525766673233117,0.03423375804309926,0.07693916780188649,0.7159524899553844,0.4718991344425132,4.766439358648313,13.814552317132348,0.8399554612277598,0.2536309866951539,-0.49771670618645203,0.3131324307959329,-0.6327563483500853,0.37613279448219933,-0.9999997224658728,3.642712501048814e-06,0.0,0.0,0.26779477196885426,0.012565377084022219,0,106,0.4863613147463184,0.16963928840068085,256,9298,,0.027532802753280277,1.4656762068525495,1.7810759554318554,0.2653248158585484,0.13879862133721893,,,,,,,,,0.28500695216907673,0.00394931204879917,0.7633847793845013,0.014487000206555176,0.21079440118650355,0.01885778005742206,0.9094428995179829,0.013548203968477534,10,0.1,0.02753766728106279
679,0,2,0.0,0.7275519303125456,0.27244806968745444,57.80341455418881,98.94771907755327,11.100000381469727,10.899999618530273,-0.5720525570213795,0.4484901838004589,112.22500038146973,74.77499961853027,85.62917518615723,48.50070762634277,83.57500076293945,46.42499923706055,68.42499923706055,31.575000762939453,0.0,0.0,0.482315233785822,0.045848357211851605,0,1,7.642279654741287,7.4965600669384,2,1024,,0.001953125,0.4259025827050209,0.30003949254751205,114.60285647958517,114.58162228018045,,,,,,,,,0.482315233785822,0.045848357211851605,0.46681749622926094,0.04752687144975614,0.46097285067873306,0.02936689252125631,0.45705128205128204,0.0457222753028785,4,0.25,0.10874320524188763
44719,0,6,0.0,0.15895331882476363,0.3770273285065824,1.0127912845311549,2.4700724930306266,4.833333333333333,0.8975274678557507,-1.29724516471227,0.114647713478069,7.0,0.816496580927726,3.7353333632151284,0.5301654064769559,4.333333333333333,1.247219128924647,0.0,0.0,0.0,0.0,0.641,0.027367864366808017,0,0,2.509051481882731,0.28704053893902765,6,2000,,0.003,-0.21715864120051265,0.3343975285738598,6.377731641133626,1.3821673530028067,,,,,,,,,0.5189999999999999,0.0030000000000000027,0.693,0.02099999999999997,0.5650000000000001,0.048010415536631205,0.6580000000000001,0.02039607805437116,3,0.3333333333333333,0.17485057112352312
182,0,36,0.0,0.4402585547431842,0.4174025307672395,0.4402710614449919,0.41742873612372117,1.431809164583683,0.1628462484611251,-0.15411687600943777,0.8340190040299316,2.8229496081670127,0.642362589285557,-0.0005560881897205642,0.0002115132319364929,-0.007711583541499244,0.08768464442268943,-2.5959938367207847,0.2859672517426038,0.0,0.0,0.43608192565933324,0.005571201313009191,0,9,1.00002198252413,0.0001688424768117562,36,6430,,0.005598755832037325,0.04046023264527321,0.5578673537083948,1.000044024652905,0.0003376824870729075,,,,,,,,,0.41493488903078496,0.007633918305012096,0.803729610495153,0.03258767376057812,0.4031278419535226,0.018820320954385378,0.841065381861806,0.018554427288475592,6,0.16666666666666666,0.06190397693688873
694,0,8,0.0,0.6988056738143974,0.43257622682725266,1468.667869250755,3914.66890795849,72.38738441746682,90.59346629145395,-0.776846541557461,0.688616438334087,224.74540000781417,289.1039970094213,144.80141343921423,188.50091993281868,150.1597437504679,197.93988667630683,76.30318748392165,119.51218976643631,0.0,0.0,0.2975,0.03647678104706547,0,1,40.984187862835824,51.607453473554834,8,310,,0.025806451612903226,0.1156822825432755,0.3592770519935729,4343.032901515253,6333.976271191743,,,,,,,,,0.2975,0.03647678104706547,0.9041666666666666,0.07202430145443967,0.09624999999999999,0.05101232149632522,0.865,0.08852965604812887,9,0.1111111111111111,0.02716458110608805
184,6,0,0.0,0.1813884586640103,0.38551428330863924,0.608568481422808,1.6533231565106055,,,-0.9701435267925262,0.3226415451681372,5.666666666666667,1.885618083164127,2.916595379511515,1.0935458488475367,3.0,1.1547005383792515,0.0,0.0,0.0,0.0,,,0,0,1.8338125348091125,0.6381875519625522,6,28056,19.998405503403546,0.000213857998289136,-0.05682072223862633,0.44268423184097216,3.7701517045497894,2.0539067056042186,0.00855725747248129,0.02460230584109466,0.05769723956896209,0.04609340395007635,2.5745635363009542,0.5839208214333712,5.903500636271159,0.629695498033328,,,,,,,,,18,0.05555555555555555,0.05206741359580048
185,1,15,15.0,0.5255819349891468,0.32136814812948594,80617.55568398697,325888.0661582928,419.6621499970555,697.9889395259685,1.9634295590221882,2.125103094768816,2059.846187500283,3381.8124004074516,597.7713406030089,1099.681646482029,553.2784374989569,1045.8726486235782,32.21100000012666,66.17873526569045,0.0009328358208955224,0.003612857599074083,0.9044776119402986,0.019113803693829413,0,14,304.73646601173095,504.7223604924007,16,1340,49.984572140261676,0.011940298507462687,0.7701851846650243,0.9355476583110481,347608.96758002735,1048943.486939741,,,0.0028499911627646347,0.0,2.4256688528019494,0.0,2.954961420660016,0.0,0.9059701492537313,0.016417910447761194,0.8253731343283583,0.03134328358208954,0.9044776119402986,0.00990037250852356,0.9119402985074627,0.02447943204008465,3,0.3333333333333333,0.4054569175599644
703,2,3,1.5,0.21052374028961363,0.39951449178327925,312.36209596233914,1514.2012629112437,3.25,3.9104560688833554,0.07876982688903808,3.140888668158898,65.4,118.9396485617811,32.21064514517784,59.03540656096302,32.4,58.88497261610979,0.2,0.4,0.0,0.0,0.3572649572649573,0.032984514275569934,1,1,19.03787342309952,34.47965575834185,5,526,4.219447477921171,0.009505703422053232,0.36949625574052336,1.1525550884898392,1551.2873211085796,3089.5293655748173,0.281130240170296,0.2772375334612206,0.0036708117568355954,0.0015475645860832561,4.5208758020719175,3.3632688140080846,5.729937883096525,2.9973457333201425,0.35341880341880344,0.0361467061035984,0.36025641025641025,0.08050500200966841,0.3572649572649573,0.02814462992880872,0.3492877492877493,0.062323524603311344,3,0.3333333333333333,0.0073357648306655535
41671,0,20,0.0,0.12257622113918736,0.3436591283151133,1.9789694681124408,5.154909515817589,1.0423687506467103,1.3501737538168426,18.430347400903702,15.742127687213408,22.208949851989747,17.209931843229615,2.9713915586471558,1.342564448113161,2.325925502181053,1.3947349750416176,0.6047154009342194,0.4021872449729607,0.0,0.0,0.5594,0.009551963149007612,0,20,2.3914744913578034,1.8827606691561896,20,20000,,0.001,2.101372653245926,3.1376182869435336,9.263937927782536,11.954828121720148,,,,,,,,,0.5594000000000001,0.000489897948556636,0.27649999999999997,0.020254629100529088,0.5612,0.0017776388834630794,0.5635,0.006530696746902234,5,0.2,0.18964257697046832
40663,20,12,0.6,0.10658472222391374,0.3342621333104075,3.47574217323302,30.530562047635623,11.416666666666666,13.200115740233324,2.2717536648269743,4.751855939113665,15.53125,20.169569242735452,12.178884519264102,15.601437720067098,14.15625,18.33730721609637,0.0,0.0,0.0,0.0,0.35157894736842105,0.05800468029640444,2,10,4.227544888854027,6.044111540436582,32,399,11.575255550948695,0.08020050125313283,-1.294671539682895,1.1470225706421804,54.40342274075374,138.59480340212207,0.24974780474700048,0.19497485356732433,0.06903308301522677,0.035092139367008925,1.757778944898466,0.5227413645856341,3.83754171862286,0.4439786033920426,0.2863157894736842,0.038058855136401934,0.27657894736842104,0.0878998580291871,0.2863157894736842,0.05429987526959549,0.5076315789473684,0.06527642055392138,5,0.2,0.04737836550743696
40664,21,0,0.0,-3.7762687912420294e-18,0.2586376307428623,1.5356826417717584e-17,0.05282475518166958,,,-1.023297905921936,0.41358883375814665,1.0,0.0,0.28571428997176035,0.041239309858224375,0.0,0.0,0.0,0.0,0.0,0.0,,,21,0,0.44959644760404316,0.019004529016991786,21,1728,26.963284756588347,0.012152777777777778,0.9637114235333034,0.2216939561836949,0.20249813795089722,0.017192992290264254,0.023148088181810737,0.06012040089663391,0.049952190918021507,0.06264191038953418,0.8571428571428571,0.05296003152251686,2.018165945750855,0.058835103155915065,,,,,,,,,4,0.25,0.2705162827472604
40671,0,7,0.0,0.3424870854320066,0.35445498154597843,0.007569808735577588,0.012439098185026663,0.19642856291362218,0.1485817216684782,14.897471913269587,37.052038518565084,0.8942857129233224,0.16834124808847076,0.4969899526664189,0.005590196123226726,0.4728571431977408,0.023123450008993702,0.16714285500347614,0.21089701300624158,0.0,0.0,0.675,0.054212672326961066,1,3,0.134393183780568,0.07678585181094025,7,327,,0.021406727828746176,1.682789949434144,3.546723002357482,0.02395759409825717,0.01771700603937204,,,,,,,,,0.5588235294117647,0.05440679627554685,0.7536764705882353,0.06491860088206174,0.5404411764705882,0.05754586706800929,0.9080882352941178,0.08359424265369171,5,0.2,0.13203928332327855
40677,24,0,0.0,0.042239197206617646,0.20757074421279967,0.010097101843620842,0.04946076160003785,,,-1.745646635691325,0.6006650708423574,1.0,0.0,0.545690101881822,0.09729674996400947,0.4791666666666667,0.4890289414293959,0.0,0.0,0.0,0.0,,,24,0,0.48763137062390643,0.027128087411547357,24,3200,27.802568445443796,0.0075,-0.21200602259098864,0.4588009774553921,0.2385202907025814,0.024653816752803804,0.002100118104382041,0.009274990424952547,0.16254849156581097,0.253786211828831,0.9650150718316745,0.07566096256465289,4.166271159435765,0.23783238998073586,,,,,,,,,10,0.1,0.00411978837441925
40691,0,11,0.0,0.11168204218017766,0.3825845593981804,13.628872369262371,102.30459044512813,5.3974759328094395,11.612063064803987,8.30879531936212,13.350928884532259,37.95497177405791,81.79722627384157,8.134219354526563,13.074953216936366,7.098704533820802,10.743541748595433,2.2810972277075052,2.7119906329023973,0.0,0.0,0.5443512658227847,0.02995233103906824,0,11,4.392625555290248,9.465488922633334,11,1599,,0.0068792995622263915,1.6831137551502748,1.7524863891905664,108.89064189266374,309.3251896122312,,,,,,,,,0.4443037974683544,0.005907643893226104,0.48933544303797466,0.043504728851732274,0.44555379746835433,0.015833611802058476,0.5681329113924051,0.04923831997033451,6,0.16666666666666666,0.1782648306503761
40711,7,0,0.0,0.25530055520276573,0.3245496387719102,0.13352665175964823,0.22509466272961923,,,-0.8134553900786808,1.251646083152055,1.8571428571428572,0.8329931278350429,0.8222536465951374,0.6074770097652774,0.7142857142857143,0.6998542122237652,0.0,0.0,0.0,0.0,,,3,0,0.6906994027750832,0.2562037335169297,7,303,14.387692703357763,0.0231023102310231,0.283736682630011,0.8961649377444523,0.542706025498254,0.36077943906286675,0.039211608539430995,0.04925757787938579,0.1275587508212716,0.0757927198163972,1.1195375313001967,0.33737883916599676,2.8371796319825506,0.27506568027200184,,,,,,,,,5,0.19999999999999998,0.17618446436245985
279,0,74,0.0,0.09570714828781855,0.3781009702108866,64464420.241683796,2384624703.1338325,13680.776034245646,81886.85036830264,52.62876481366205,345.33157050313605,39437.46860754782,236010.67532459812,13539.848802685385,81110.97453916499,13398.450024173237,80350.30396311694,-140.32675717893605,1131.0998553738682,0.0,0.0,0.5479148458817029,0.007869536510193795,0,50,8054.879462097872,48172.908550921224,74,45164,,0.0016384731201842175,0.7748986223108463,4.907742511063514,2385510291.242033,14312972306.553638,,,,,,,,,0.5381279135010005,0.005099618984409115,0.4126742709312342,0.006218220250654069,0.5154110847232073,0.013182816641607302,0.8609956787357017,0.009527233990418776,11,0.09090909090909091,0.13902375313582171
300,0,617,0.0,0.03428747839850747,0.237411233168984,0.0067764261169617375,0.05314194559447303,0.5643802274352866,0.27939325551950805,3.605662588255289,15.365609783058735,0.9828541327624112,0.09552414575139234,0.0647960349512128,0.45544579445191913,0.05529011351643568,0.5329528128726572,-0.9348064829116896,0.11466965865041552,0.0,0.0,0.07696262606288314,0.0028099471327629024,4,383,0.41408073212619345,0.12151763471610862,617,7797,,0.07913299987174555,0.44206743683400707,1.809727159458772,0.18622938875294617,0.10421528913438399,,,,,,,,,0.0754254828290818,0.002915699516263802,0.8268301364445323,0.019549604972239776,0.06670160174016215,0.006693547682535033,0.9376606683804628,0.01129463326313149,26,0.038461538461538464,5.426150097177517e-05
307,2,10,5.0,0.021669808415781908,0.38144922229349953,0.14192134119992683,1.584450427361117,0.9997250089421869,0.29015862138879017,-0.592595378557841,0.5325128416066941,2.770499994357427,3.626023077037563,0.5362385385281717,2.2508609904153416,0.4780000088115533,2.2510638991239493,-1.6222500056028366,1.2925787533233883,0.0,0.0,0.19591836734693877,0.017698478793486707,1,5,0.9845946282148361,1.023051205701903,12,990,-662829.7388182086,0.012121212121212121,0.08708218531683087,0.14887064483904477,2.0160603063801923,5.035087605395875,0.5357142657207082,0.46428573427938286,-1.699108988251796e-07,5.205353368775526e-08,2.4518411137950777,1.455049481813441,5.9112779516182625,1.4550540366104263,0.14746938775510204,0.027107111647577266,0.6255510204081633,0.07904536627276874,0.12534693877551023,0.02873738971584116,0.5493061224489797,0.05721301815202673,11,0.09090909090909091,0.0
23380,2,31,15.5,0.3983449814980487,0.3561093536214482,6.184052132878045,24.16168578649884,2.6903225688203687,1.884183707617758,4.968569447511229,16.87688053239983,16.412121257998727,33.10389300147688,3.533047695954641,4.374931305271042,2.9151515211119796,4.1895339426222975,0.3060606106212645,0.4242207865865989,0.7380673689686564,0.37640075871308837,0.29756937307297016,0.016355492380899294,4,3,3.4062755241476257,4.554561212631948,33,2796,1.9369336929077208,0.011802575107296138,1.2336055862492528,1.441904128666827,32.34674052791349,100.73654610646138,0.060664893029442946,0.038915792556409104,0.05971005529647891,0.052247347843726824,4.3037964363817425,1.271971988620262,5.522955553131516,0.05289128111946528,0.2853802672147996,0.020941424573616297,0.26606885919835566,0.02671577781282332,0.23605344295991776,0.0006783144912641314,0.3068550873586845,0.030967025710801566,6,0.16666666666666666,0.04953946136892236
42345,19,1,0.05263157894736842,0.06835102170431888,0.23103969814175462,5255.3928725125315,71942.23377250072,9.0,0.0,197.12248340845107,752.6988382503556,979.35,2288.220100318149,328.43090950145853,599.9988830942683,322.55,586.6491690098948,0.0,0.0,0.0016263861245379586,0.003372764543168551,0.5081603639465454,0.012565341775043858,6,0,142.34774003103377,293.1643830369948,20,70340,15.540281044794115,0.0002843332385555871,3.7071816608309747,4.244985696375333,106208.23227306118,304566.2739930804,0.06403365702524222,0.17070531471238734,0.0055841346430966525,0.006391550150163361,2.29729446261463,2.590082052063967,3.4531201976168533,2.473067930017387,0.5081603639465454,0.012565341775043858,0.4889110036963321,0.0003867350158867093,0.5081603639465454,0.012565341775043858,0.4889110036963321,0.0003867350158867093,3,0.3333333333333333,0.20077022968503935
375,0,14,0.0,0.032489836571954075,0.37995905792771745,1.3552104401308538,18.073697576958065,2.1491228555595234,4.819167081341942,-0.037185807313237874,1.092766118150006,8.958254635334015,23.100495609041925,2.053272276052407,5.5594639345756445,1.8363657838531904,4.943526346887751,-0.5036832136767251,0.7055309640035442,0.0,0.0,0.26987951807228916,0.004134791221279916,0,12,1.705551702529192,4.133817465477665,14,9961,,0.0014054813773717498,0.10983669491750854,0.5042984028445239,19.997354424957717,64.75481764515155,,,,,,,,,0.1965863453815261,0.0035297983596881363,0.8634538152610443,0.016919979464209554,0.19879518072289157,0.029892038660125946,0.9289156626506024,0.014924421024949433,9,0.1111111111111111,0.02602109207171975
377,0,60,0.0,0.4465157242559684,0.3077347087937698,55.97214976773018,57.82045925854353,15.669395589828492,7.6951783010142645,-0.5574062646832317,0.5979670229857201,52.82163988749186,6.395176759772872,30.092165184020995,0.7425222802818231,30.03497495651245,0.7885567579589337,7.978913925712307,7.466766170894069,0.0,0.0,0.3433333333333334,0.02134374745810949,0,26,9.751691214243571,3.7715857999813927,60,600,,0.1,0.03400469756840418,0.2887269868343886,109.32034169832865,74.36313128403137,,,,,,,,,0.31666666666666665,0.03415650255319865,0.9433333333333334,0.04229525846816506,0.18,0.0339934634239519,0.95,0.030731814857642953,6,0.16666666666666666,0.0
389,0,2000,0.0,0.077207437936707,0.1205006271703849,0.18580840899430154,1.10646400109002,0.05425,0.26491873754040124,406.3270502427295,444.4475298087454,33.024,53.686519946817185,0.2159792936318554,0.325286758194937,0.007,0.0891683800458436,0.0,0.0,0.0,0.0,0.33307107264621033,0.012259670294748998,17,1999,1.1907304039448499,1.5252494765075062,2000,2463,,0.8120178643930166,15.722815899170936,8.702756215156834,3.7442248714158777,14.507837857634481,,,,,,,,,0.20470757933385783,0.0029359436756708837,0.5889653815892997,0.039538684759514116,0.20714660372410174,0.003924304208284596,0.29976396538158934,0.04595462843340642,17,0.058823529411764705,0.054865734709393724
43925,2,5,2.5,0.13522237215409846,0.3581388481983665,303395.7514637476,1885505.2334021414,242.54000015258788,335.51549342425625,33.76809499093464,37.68923648731108,10945.99761908395,19284.52232106415,305.96305557659696,529.0100747518619,99.43095248086112,153.069016546361,5.716666714155248,7.282447876756675,0.0,0.0,0.5085466803208739,0.002540463688189973,0,5,724.2488365343639,1243.2662781407819,7,4331,9.260897349158483,0.0016162549064881089,3.621674031019211,3.7129666896659734,2070247.4347076416,4607472.603638688,0.02257764535265018,0.0065652765865829524,0.02518050792660211,0.023447153581715795,2.930313689663615,0.4304064225674227,4.381779892959408,0.27163739429604306,0.5085466803208739,0.002540463688189973,0.5635240655401945,0.015601408194146084,0.5413466461853559,0.010573133172117903,0.5602747909199521,0.012546939058058497,4,0.25000000000000006,0.17678128015428496
1459,0,7,0.0,0.3031229486928316,0.3584179376881048,32.00543857220082,47.902220497942885,14.592857088361468,6.530641355283312,-0.039221691233771186,0.581944312632472,51.13142885480608,20.24851862767593,15.677499873297554,11.691926719600186,13.745714460100446,12.60972321018903,1.841428620474679,4.988502408931151,0.0,0.0,0.18575265722727446,0.00841566013874808,0,7,9.504522272518702,3.8053823194069136,7,10218,,0.0006850655705617538,0.6738720621381488,0.3686855146664635,104.81687808036804,62.30111895439873,,,,,,,,,0.14288592149188442,0.008938080590739693,0.2654146041978435,0.009491034386448993,0.16852576647097195,0.007841434615794451,0.3499769770922067,0.01646768199651027,10,0.1,0.022310894271477033
1466,0,35,0.0,0.04222483413096124,0.28458868421191125,2615.6547824309446,46237.020897807575,92.37000000987734,333.5718774948255,17.740297532081605,51.948982629994504,273.50571430751256,790.6522865605003,106.21290737976587,312.24089602301575,82.34571428980146,222.16646698462776,25.605714285799436,57.14397827467824,0.0,0.0,0.4459178275436432,0.005146043793591981,11,25,60.49882638709886,210.08001961546864,35,2126,,0.016462841015992474,2.392190313525498,3.4078522578421735,47793.72224642182,193471.4416222786,,,,,,,,,0.2906982895432904,0.006971782113190836,0.999056603773585,0.0028301886792452824,0.2606947628284253,0.03877664291326984,0.7573532004937401,0.04822755901935133,10,0.1,0.07786105125942858
44480,0,100,0.0,0.018756188748188525,0.1049203931266075,0.015445344718701359,0.18883074784045448,0.38,0.8692525524840294,75.38752260029315,80.19660433322996,4.27,4.577892528227372,0.3775466693658382,0.9682230829833726,0.22,0.8435638683585257,0.0,0.0,0.0,0.0,0.04533333333333334,0.006531972647421809,26,100,0.47611988604068756,0.6110148484214977,100,1500,,0.06666666666666667,7.018719646334648,4.301975437229319,0.6000292905885726,1.6899802668625221,,,,,,,,,0.025333333333333336,0.007180219742846005,0.096,0.028472208672083492,0.030666666666666665,0.0061101009266077855,0.164,0.03427989368581985,50,0.02,0.0
452,4,3,0.75,0.221034365902456,0.34921594978929,22.997942772152868,116.57959999403042,11.660001118977865,12.954912590376752,-1.3919596076011658,0.39649228714960577,30.082857404436385,42.892970793904986,18.80952629872731,28.05491163870405,19.554285321916854,29.51266903395985,4.478571483067104,10.163093628345933,0.013533834586466164,0.01660956543937934,0.4442857142857143,0.04967239614489631,1,0,7.280856141022274,10.26817431710284,7,285,5.134566003509039,0.02456140350877193,-0.06081505332674299,0.340726497777952,158.44626760908537,271.4673191800798,0.17607238617400855,0.36889013936852805,0.11206338238463984,0.13330456074072528,2.601224878946245,2.3010580955969644,4.594409879072016,1.8339236013543356,0.4514285714285715,0.04100771455544949,0.4095238095238095,0.07438333024673005,0.4442857142857143,0.04967239614489631,0.41,0.08817756770694017,7,0.14285714285714285,0.11224489224884937
1478,0,561,0.0,0.26022748106716503,0.44392321381149374,0.022678746667136693,0.056185638802367474,0.3982694542102695,0.2995334941148996,13.66295631506037,36.98820838200853,1.0,0.0,-0.5086202174858829,0.4284491765492176,-0.6090027957033273,0.49818755460766934,-1.0,0.0,0.0,0.0,0.3769664916323524,0.0010551255091675474,0,507,0.2792315151734998,0.13674189999547876,561,10299,,0.05447130789397029,1.6370975802496488,2.2825321032146197,0.09666858599172597,0.09717883394952952,,,,,,,,,0.2468422046768161,0.009443556950299149,0.8121990102376184,0.04421807878813881,0.24683880472970418,0.04017467698140145,0.9796074949945224,0.00453396241123099,6,0.16666666666666666,0.018487679681459885
455,1,6,6.0,0.1345686997524328,0.7198959105149927,19281.614292237224,102225.2863130282,277.32916680971783,502.8968830768941,-0.5888443972383227,0.7470290252869816,854.6285711015973,1755.6570458304145,485.20581265858243,1020.1175034911946,454.85714285714283,967.8114749373497,259.14285714285717,553.3623015120328,0.0049261083743842365,0.00789934705159875,0.7188095238095238,0.056005041075338394,0,1,143.77115774154663,289.16674477822255,7,406,3.4275033928153933,0.017241379310344827,0.4579355123319796,0.3095333483441206,104287.54793718884,250336.4512840369,,,0.22461746705133637,0.0,1.5919634998167174,0.0,2.532468650684886,0.0,0.714047619047619,0.1085852643648677,0.6345238095238095,0.09281592491791128,0.6504761904761905,0.021660124601036473,0.7080952380952381,0.07499206307209798,3,0.3333333333333333,0.20676293023972817
458,0,70,0.0,0.026429530720637483,0.22012927993682002,0.8862896795545124,21.590022887720533,7.1571428571428575,6.819375158401274,2.3591293322221776,3.634263243691075,34.4,30.209459256521434,10.125241993580545,13.273900870219872,9.2,12.638489964051425,0.8285714285714286,3.401560266245178,0.0,0.0,0.6547619047619049,0.02661985687499748,0,68,5.356526104893003,4.714403243130981,70,841,,0.08323424494649227,1.1147021635302476,0.6778125395868247,50.91796887602125,124.07285605568983,,,,,,,,,0.5023809523809524,0.0756303817822314,0.980952380952381,0.023328473740792173,0.3857142857142857,0.025643641938735737,0.9904761904761905,0.011664236870396099,4,0.25,0.125047620513428
1483,2,5,2.5,0.12004176984529737,0.47881817788862807,275818025.07867277,825083159.7772262,82100.3,309.6775096774062,-1.2318307501929147,0.05159762397748706,117381.85714285714,74237.79072957495,58706.641459941864,37128.71381046061,58709.21428571428,37130.555953531955,0.7142857142857143,0.4517539514526257,0.0,0.0,0.4081281086982894,0.0019917848468266855,0,0,33871.07409131527,21421.585844745463,7,164860,407.3410979959227,4.246026931942254e-05,-0.014294346286208435,0.06700153834903536,1606134016.4668353,1015891559.9060638,0.002965234601055333,0.00040782093462182344,0.0023563442460504008,0.002180336846994879,2.149018408320788,0.15334638752939433,4.853618470138235,0.14707122116787597,0.3314205992963727,3.6394516559506986e-05,0.4344292126652918,0.005682156829486754,0.40035181366007516,0.023056464827040907,0.40097052044158676,0.005224948024839564,11,0.09090909090909091,0.09801699501536425
1491,0,64,0.0,0.01789078430633393,0.3385340533061018,2.0736760513553547e-15,0.00015333990054892046,0.018745523506368045,0.012050333666799758,10.547112747677602,24.584326745606162,0.11288468760903925,0.0708342606153164,0.015624954003442326,0.009199267399143899,0.010253906173602445,0.007621412390326988,0.0,0.0,0.0,0.0,0.025,0.007905694150420948,0,64,0.016837869196024258,0.009219772620323844,64,1600,,0.04,2.2227723207324743,1.7701483287626711,0.0003685180493668838,0.00045389481737742496,,,,,,,,,0.028749999999999998,0.005728219618694799,0.595,0.04879805323985785,0.026250000000000006,0.008749999999999999,0.75875,0.04185167260695801,100,0.009999999999999998,1.734723475976807e-18
469,4,0,0.0,0.3501414791991929,0.4179720539173605,1.011720892732167,1.7698088892419856,,,-1.1499573439359665,0.5417766586840677,4.25,2.8613807855648994,1.757528230547905,1.0232524267599208,1.75,0.82915619758885,0.0,0.0,0.0,0.0,,,1,0,1.3732101321220398,0.8303864831151562,4,797,61.62607689277141,0.005018820577164366,0.051923682913184166,0.4522087864550723,2.5752476528286934,2.5646217050870916,0.022473281951758364,0.038525040730675815,0.017158954558551653,0.011332676536240564,2.0169752831826293,0.835389953436702,4.555364890661625,0.8160346302520083,,,,,,,,,6,0.16666666666666666,0.01365683134023898
44503,0,27,0.0,0.056447262038709776,0.3753069727039183,17685142603.07175,232802546307.66174,129639.66117037211,447719.58613370324,109.58603885825033,339.6708993771375,1398296.850566663,3939133.1604987285,130102.82221110261,431845.6360149778,90009.40727036943,315142.12375728844,555.4742111113802,1758.611110225185,0.0,0.0,0.511340206185567,0.02122810338347836,2,15,150690.09161297977,469344.23032034794,27,1941,,0.013910355486862442,3.741247437618397,8.482467702218853,242991508306.89218,823473841878.275,,,,,,,,,0.5092783505154639,0.028495412290897425,0.4515463917525773,0.01889721936064264,0.4463917525773196,0.07505975937842226,0.7,0.028957880216882764,7,0.14285714285714285,0.10638483806101309
1497,0,24,0.0,0.03613094292204418,0.2877751699852663,0.055086965907454995,0.4793976670767201,1.4267604264120262,0.9481372601586567,2.3688225244792798,4.5619965338078305,5.0089583198229475,0.018642401032900123,2.0457923461993537,0.7467731290530768,1.6613750010728836,0.775395987836941,0.6217916657527288,0.2665923784429041,0.0,0.0,0.7023472850678733,0.015239677712446387,0,14,1.251239960392316,0.22188852724393934,24,5456,,0.004398826979472141,1.5222576165106148,1.0631994943990237,1.6148359701037407,0.5512483928318849,,,,,,,,,0.45855284421460896,0.02291005895147633,0.534857789269554,0.03530094140109809,0.49158451842275375,0.02431360650411871,0.6554190907132084,0.01887613787244813,4,0.25,0.14797623656682052
475,4,1,0.25,0.18527226097483585,0.41390721572042605,35.28052105263159,176.84790297749518,12.0,0.0,1.0627545833587646,5.446064574071534,41.6,78.21150810462615,4.019499969482422,5.579473122424065,1.6,0.9695359714832659,0.0,0.0,0.0,0.0,0.37,0.04582575694955842,2,1,6.77178156375885,11.634156487824415,5,400,-5710769.72300273,0.0125,0.6443643569946289,1.2887287139892578,181.21062965393065,360.1664748013682,-5.8750015972440425e-08,3.17460744237078e-08,-6.500001709878728e-08,1.5000002098401375e-08,1.6609640474436813,0.6609640474436813,3.6609643976591686,0.6609642730747762,0.37,0.04582575694955842,0.39,0.062449979983983994,0.37,0.04582575694955842,0.40499999999999997,0.06103277807866852,4,0.25,0.0
1501,0,256,0.0,0.01685091889077598,0.15550516633438166,0.003768229611135269,0.03287520836060623,0.77734375,0.4160293791740404,-0.9633611536019089,1.766987416631421,1.0,0.0,0.32862523617222905,0.10725964950533878,0.05859375,0.23486277368058459,0.0,0.0,0.0,0.0,0.21106012658227846,0.009389313033812196,256,57,0.4553505377843976,0.0437413575413025,256,1593,,0.16070307595731326,0.809382040737546,0.6186683841949163,0.2092574177950155,0.03612198160558446,,,,,,,,,0.16827531645569618,0.020578047202745385,0.7600791139240506,0.041153603262029013,0.16080696202531647,0.03451188768183456,0.8379588607594937,0.04236870548381552,10,0.1,0.0012253120713084215
1503,0,14,0.0,0.1326562871013999,0.3304698809421762,0.07737378380878075,0.810089564229539,1.4396180131006986,0.7560740947335575,-0.07426194796737816,0.7527786153470347,4.037185703005109,2.2896446244582225,-0.3030731443847929,1.1098296350613097,-0.18524857823337829,1.1790531802049184,-4.62704997403281,3.4048863177596465,0.0,0.0,0.10413437279695151,0.0017024788166755751,1,13,1.0689904327903474,0.6569556191418052,14,263256,,5.318017443097213e-05,-0.15290017394415503,0.26055695286485786,1.574331212256636,2.041894896401739,,,,,,,,,0.10197677703117744,0.0004993085556828637,0.10417232342691637,0.0026342492718910327,0.1017792698317265,0.001578449273755991,0.10553983556127677,0.002153687610143497,10,0.1,0.0004502986885620677
1508,0,5,0.0,0.2749372266478662,0.3698279352839412,0.01587563660995427,0.021982262226540924,0.3629999965429306,0.05653318491883165,-0.7674419999122619,0.4189728225257418,0.9639999985694885,0.03555279137642143,0.41088783740997314,0.04696194193710722,0.35400000810623167,0.056426938484977616,0.0,0.0,0.0,0.0,0.5673809523809523,0.02768567497171514,0,1,0.2397104322910309,0.022139380753955242,5,403,,0.01240694789081886,0.3924738306552172,0.25438539240682656,0.05795124098658562,0.010531072993660169,,,,,,,,,0.30333333333333334,0.02449489742783177,0.8354761904761905,0.08117232027132952,0.3630952380952381,0.037740160676541346,0.9002380952380952,0.06726306362254961,5,0.2,0.11478512318052436
44516,0,100,0.0,0.2582748422032495,0.27749216725440184,0.007905392101516577,0.022846167996819978,0.22969334515277295,0.23564339561579115,5.166022192761302,8.52131546372966,1.1730149940401315,0.8299281521754193,0.27045535057783127,0.22816499833301465,0.219916731081903,0.2035017681492179,0.016248668022453786,0.006429746368201852,0.0,0.0,0.358,0.015362291495737214,0,98,0.19171366166323422,0.1664103966081242,100,2000,,0.05,1.5782584303617477,1.0425749998249914,0.06444654778577387,0.09730807284903967,,,,,,,,,0.28200000000000003,0.03026549190084311,0.548,0.036823905279043924,0.242,0.027129319932501075,0.7809999999999999,0.04229657196511319,5,0.2,0.005049752469181034
1509,0,4,0.0,0.20086437759149914,0.4710917908722831,1742.6552845471588,6764.845482241998,56.48663395922631,92.6162707784133,1.4668314307928085,0.7029446706793933,183.72674798965454,284.6067061814492,48.30739377439022,79.3379225236531,33.70847017131746,54.21754651474323,-11.369500160217285,7.242153926604676,0.0,0.0,0.1478048479835071,0.001675709728790401,0,4,43.98691385984421,71.1146262467492,4,149332,,2.6785953446012912e-05,0.40258418768644333,0.7604670222382623,6992.138630032539,12095.836631398313,,,,,,,,,0.18559982881729345,0.0022324419465441186,0.347641561436263,0.0037448426729329337,0.14954599774681426,0.0016335718698488755,0.27819886740877653,0.004731186625160457,22,0.04545454545454545,0.03958591222905473
1514,0,1300,0.0,0.013355382406534768,0.13609948261394067,977454326.2751867,60903783208.91963,17561.157980047374,104845.84050262881,80.2527832160145,100.02413566765766,1145369.5187690149,2919800.0636379975,45702.37464041288,128817.08241480667,1048.7550146484375,15582.796665414166,0.0,0.0,0.0,0.0,0.2111111111111111,0.02222222222222222,42,1086,139708.16763008412,364557.83812808467,1300,360,,3.611111111111111,6.84632789345888,5.272266460935753,152420788963.31378,1180655100110.2961,,,,,,,,,0.16666666666666669,0.024845199749997663,0.9111111111111111,0.056655772373253144,0.10555555555555556,0.016666666666666666,0.8277777777777778,0.052411006289203345,10,0.1,0.0
45548,0,93,0.0,0.060442576061186394,0.14331584191136357,0.25692283224847023,1.143770219353621,0.40860215053763443,0.7511505030784078,263.31045768081503,362.6435268437578,63.11827956989247,49.94746691078098,0.6253788671706633,0.5232107149084722,0.043010752688172046,0.20288131466788398,0.0,0.0,0.0,0.0,0.367044639238968,0.003896053464955322,0,93,2.093100964382131,1.158654878341683,93,61878,,0.0015029574323669156,10.90153492394314,7.220675220012723,5.723552820583184,6.169056841325987,,,,,,,,,0.26529626399541384,0.002946975833463905,0.604609068875629,0.01888254729653631,0.298911558953209,0.024060746426706144,0.7045151373986884,0.006057874087141028,9,0.1111111111111111,0.08009448311956871
1523,0,6,0.0,0.4269683510155053,0.4185982436871389,170.64160294286424,252.63347710897807,22.948599393169086,9.253756048566878,7.178752774993579,13.847208511673673,168.00866635640463,117.09375758826572,52.85693391164144,32.51439700413848,49.50869131088257,35.08561479617472,17.66404962539673,26.655500970471074,0.0,0.0,0.7929166666666667,0.04120789096493266,0,6,18.3497371673584,9.031918626968157,6,310,,0.01935483870967742,1.121690032382806,1.4630427537074373,418.2883885701497,451.1019582738532,,,,,,,,,0.5670833333333334,0.09139068302865692,0.8054166666666666,0.07775160770041994,0.6183333333333333,0.095818839483684,0.7983333333333333,0.12720554233208553,3,0.3333333333333333,0.11876732276545442
41972,0,220,0.0,0.36686059128289433,0.5810114430661533,26815.257537974005,120566.70013870925,345.15,342.4316549261393,-0.2388523585829799,0.4623677340741219,3435.3454545454547,2357.164139524687,2596.073698841442,1543.3233334929134,2622.913636363636,1528.2588032836748,1903.7818181818182,982.9998786813778,0.0,0.0,0.5710825298844754,0.005480796692963522,0,161,292.1286546013572,279.723550120305,220,9144,,0.024059492563429572,-0.34659793847663833,0.6088826503370827,163584.41505175503,252678.04689814989,,,,,,,,,0.5780832847601121,0.0027551101623537098,0.6504811137760026,0.012329926791762213,0.55642408722158,0.042434135705683204,0.8871379702445225,0.01126192065015823,8,0.125,0.1469590962406604
1530,0,3,0.0,0.34359741068456817,0.46577263930072754,18870.402208636042,35512.19613415654,333.19988733530045,236.00830859085215,-0.14324716726938883,1.5129114856286847,671.5957976579666,474.3338745694408,335.83911387125653,237.16946619357628,337.8035446703434,238.6318393430523,10.78333866596222,7.377473208903552,0.0,0.0,0.9115263157894737,0.005547328472841276,0,1,194.65134877214828,137.6455431562603,3,1515,,0.0019801980198019802,0.5072394305607304,0.6904601772846872,56835.44504954107,40265.12747845998,,,,,,,,,0.9115263157894737,0.005547328472841276,0.9048947368421052,0.021843683448938302,0.9115263157894737,0.005547328472841276,0.9009298245614035,0.025869555816222568,5,0.20000000000000004,0.35051729961136235
1531,0,3,0.0,0.34033121747518574,0.4665347428903721,18481.62465560169,34375.780895270844,331.10323008398217,234.1242683895221,2.2013941208521524,4.7888988819934575,672.2646343310674,474.8015074972949,343.8268653353055,242.83643473107932,344.46338800589245,243.30507269575966,10.666666666666666,7.542472332656507,0.0,0.0,0.9675707346503103,0.004050376306496683,0,1,191.83328872049847,135.61312453167292,3,10176,,0.00029481132075471697,0.5463860525439183,0.8038468319359738,55190.928183609234,39034.081055930386,,,,,,,,,0.9620678186346548,0.0008911216080272619,0.964623006357997,0.0033991602745724607,0.9620678186346548,0.0008911216080272619,0.9632469872994756,0.003932953018315007,5,0.2,0.3811313204020766
1532,0,3,0.0,0.33952565768782633,0.46715861574381473,18476.36058208954,34325.368878893394,330.6870021695892,233.80071536108443,2.097431222597758,4.638306321537099,672.2641943295797,474.8021297533663,343.97356795271236,242.9388109098132,345.2971666653951,243.88522119417712,10.666666666666666,7.542472332656507,0.0,0.0,0.9621301234619952,0.0023363931887311414,0,1,191.72260865320763,135.53137163627113,3,10668,,0.00028121484814398203,0.5304008647799492,0.786078227462823,55126.31099109654,38984.26543378883,,,,,,,,,0.9606298880620614,3.614568416950043e-05,0.9602543021973003,0.0037369926302829,0.9606298880620614,3.614568416950043e-05,0.9606288340325063,0.0035688369357779054,5,0.2,0.38209323531201983
1534,0,3,0.0,0.3405365312164659,0.4664332393078412,18441.49637077593,34305.54851266595,331.0203164219856,234.0410605445681,2.0271846453348794,4.5391673981876295,672.2640726764997,474.8023017968019,343.3160236775875,242.47415488757315,344.13038033246994,243.06583263796978,10.333333333333334,7.318166133366716,0.0,0.0,0.9654570669132093,0.001554664169611863,0,1,191.63803326214352,135.47227867815423,3,10190,,0.0002944062806673209,0.5308593443284432,0.778203252619895,55077.87352032874,38951.4476423408,,,,,,,,,0.9654570669132093,0.001554664169611863,0.9623171154512885,0.003586659948380483,0.9646712122963134,3.467005662777245e-05,0.9603540198004545,0.004448984407866245,5,0.2,0.3811571793989686
